,ds,yhat,yhat_lower,yhat_upper,part_name,warehouse,region
0,01-01-2025,22,16.52895929,26.21211296,air_filter,WM1,Northeast
1,02-01-2025,22,16.79709384,26.50590662,air_filter,WM1,Northeast
2,03-01-2025,22,16.9545568,26.79550389,air_filter,WM1,Northeast
3,04-01-2025,21,16.64518859,26.32588902,air_filter,WM1,Northeast
4,05-01-2025,21,16.87592436,26.60865328,air_filter,WM1,Northeast
5,06-01-2025,21,16.29844681,26.20084579,air_filter,WM1,Northeast
6,07-01-2025,21,16.10534487,25.72830138,air_filter,WM1,Northeast
7,08-01-2025,21,16.12505827,25.89836924,air_filter,WM1,Northeast
8,09-01-2025,21,16.25559912,26.12765049,air_filter,WM1,Northeast
9,10-01-2025,21,15.96934356,25.89669381,air_filter,WM1,Northeast
10,11-01-2025,21,16.07670695,25.78192165,air_filter,WM1,Northeast
11,12-01-2025,21,16.22735234,25.80906643,air_filter,WM1,Northeast
12,13-01-2025,21,16.24407953,25.62692678,air_filter,WM1,Northeast
13,14-01-2025,21,15.72957278,25.5933889,air_filter,WM1,Northeast
14,15-01-2025,21,15.88008997,25.40169074,air_filter,WM1,Northeast
15,16-01-2025,21,15.95581599,25.84718573,air_filter,WM1,Northeast
16,17-01-2025,21,15.69613289,25.74492817,air_filter,WM1,Northeast
17,18-01-2025,21,15.87741878,25.72638176,air_filter,WM1,Northeast
18,19-01-2025,21,15.9839025,25.59870319,air_filter,WM1,Northeast
19,20-01-2025,21,15.64244136,25.28163579,air_filter,WM1,Northeast
20,21-01-2025,20,15.34421989,25.26686511,air_filter,WM1,Northeast
21,22-01-2025,21,15.51230584,25.10847206,air_filter,WM1,Northeast
22,23-01-2025,21,15.7409524,25.25397626,air_filter,WM1,Northeast
23,24-01-2025,21,15.68051199,25.47791031,air_filter,WM1,Northeast
24,25-01-2025,20,15.49465882,25.48301761,air_filter,WM1,Northeast
25,26-01-2025,21,15.71448768,25.3104051,air_filter,WM1,Northeast
26,27-01-2025,20,15.26940761,25.22105396,air_filter,WM1,Northeast
27,28-01-2025,20,15.40162977,24.96179806,air_filter,WM1,Northeast
28,29-01-2025,20,15.40360243,25.38850411,air_filter,WM1,Northeast
29,30-01-2025,21,15.79253952,25.40126172,air_filter,WM1,Northeast
30,01-01-2025,21,16.34923905,26.13805485,air_filter,WM2,Midwest
31,02-01-2025,21,15.7164845,25.54474127,air_filter,WM2,Midwest
32,03-01-2025,21,16.5056414,25.98376409,air_filter,WM2,Midwest
33,04-01-2025,21,16.33180619,26.1680026,air_filter,WM2,Midwest
34,05-01-2025,21,15.94391257,26.30040805,air_filter,WM2,Midwest
35,06-01-2025,21,15.95649871,25.82794995,air_filter,WM2,Midwest
36,07-01-2025,21,16.15869433,25.7714125,air_filter,WM2,Midwest
37,08-01-2025,21,16.83399884,25.84915954,air_filter,WM2,Midwest
38,09-01-2025,21,16.39583531,26.03868789,air_filter,WM2,Midwest
39,10-01-2025,21,16.45834513,26.25007603,air_filter,WM2,Midwest
40,11-01-2025,22,16.70555199,26.45717982,air_filter,WM2,Midwest
41,12-01-2025,21,16.48976924,26.48599941,air_filter,WM2,Midwest
42,13-01-2025,21,16.08263126,26.30832244,air_filter,WM2,Midwest
43,14-01-2025,22,16.86193087,26.49209896,air_filter,WM2,Midwest
44,15-01-2025,22,16.81243066,26.34464273,air_filter,WM2,Midwest
45,16-01-2025,21,16.84216159,26.03911629,air_filter,WM2,Midwest
46,17-01-2025,22,16.74434551,26.88393466,air_filter,WM2,Midwest
47,18-01-2025,22,17.19874442,26.72604024,air_filter,WM2,Midwest
48,19-01-2025,22,17.06943687,26.36096348,air_filter,WM2,Midwest
49,20-01-2025,22,16.57065278,26.45009996,air_filter,WM2,Midwest
50,21-01-2025,22,16.76541464,26.67260511,air_filter,WM2,Midwest
51,22-01-2025,22,16.95057732,26.33392861,air_filter,WM2,Midwest
52,23-01-2025,21,16.28499632,26.49437502,air_filter,WM2,Midwest
53,24-01-2025,21,16.56878739,26.53684022,air_filter,WM2,Midwest
54,25-01-2025,22,16.82450459,26.73522317,air_filter,WM2,Midwest
55,26-01-2025,21,16.42700797,26.39549358,air_filter,WM2,Midwest
56,27-01-2025,21,16.29637324,26.21127843,air_filter,WM2,Midwest
57,28-01-2025,21,16.61116119,26.20669447,air_filter,WM2,Midwest
58,29-01-2025,21,16.17489742,25.95999131,air_filter,WM2,Midwest
59,30-01-2025,21,15.70296106,24.90693382,air_filter,WM2,Midwest
60,01-01-2025,21,16.28496155,26.40125332,air_filter,WM3,South
61,02-01-2025,21,16.14037941,26.13680397,air_filter,WM3,South
62,03-01-2025,21,16.92293884,25.87480506,air_filter,WM3,South
63,04-01-2025,22,16.93742389,26.28916905,air_filter,WM3,South
64,05-01-2025,22,17.03509783,26.4108724,air_filter,WM3,South
65,06-01-2025,22,17.07098214,26.87599357,air_filter,WM3,South
66,07-01-2025,21,16.85593165,26.52793515,air_filter,WM3,South
67,08-01-2025,22,16.82161314,26.63222649,air_filter,WM3,South
68,09-01-2025,22,16.60992557,26.6657218,air_filter,WM3,South
69,10-01-2025,22,16.77108452,26.69589413,air_filter,WM3,South
70,11-01-2025,22,17.10976415,26.85328508,air_filter,WM3,South
71,12-01-2025,22,17.07792575,26.82129533,air_filter,WM3,South
72,13-01-2025,22,17.16855291,26.73821286,air_filter,WM3,South
73,14-01-2025,22,16.6610827,26.25395825,air_filter,WM3,South
74,15-01-2025,22,17.06356326,26.46257486,air_filter,WM3,South
75,16-01-2025,22,16.77585159,26.28422933,air_filter,WM3,South
76,17-01-2025,22,17.01296303,26.55361025,air_filter,WM3,South
77,18-01-2025,22,17.02587988,26.70769646,air_filter,WM3,South
78,19-01-2025,22,16.7062793,26.5168399,air_filter,WM3,South
79,20-01-2025,22,16.762321,26.63049181,air_filter,WM3,South
80,21-01-2025,21,16.4400644,26.04009004,air_filter,WM3,South
81,22-01-2025,21,16.48866514,26.08998005,air_filter,WM3,South
82,23-01-2025,21,16.40529269,25.75824655,air_filter,WM3,South
83,24-01-2025,21,16.35715109,26.12758793,air_filter,WM3,South
84,25-01-2025,21,16.58517617,26.36124644,air_filter,WM3,South
85,26-01-2025,21,16.11863917,26.01548208,air_filter,WM3,South
86,27-01-2025,21,15.94652235,25.98777294,air_filter,WM3,South
87,28-01-2025,21,15.62314073,25.54527048,air_filter,WM3,South
88,29-01-2025,21,15.82483927,25.36020692,air_filter,WM3,South
89,30-01-2025,20,15.79228106,25.00893808,air_filter,WM3,South
90,01-01-2025,22,17.3200161,26.92679023,air_filter,WM4,West
91,02-01-2025,21,16.66637752,25.77677782,air_filter,WM4,West
92,03-01-2025,22,16.85804272,26.32289,air_filter,WM4,West
93,04-01-2025,22,16.99701911,26.57579975,air_filter,WM4,West
94,05-01-2025,22,16.43828658,25.79009011,air_filter,WM4,West
95,06-01-2025,22,17.37718238,26.74035171,air_filter,WM4,West
96,07-01-2025,22,16.78661463,26.50436807,air_filter,WM4,West
97,08-01-2025,22,17.24086701,26.40708105,air_filter,WM4,West
98,09-01-2025,21,16.69581611,26.53251597,air_filter,WM4,West
99,10-01-2025,22,16.70338954,26.66103102,air_filter,WM4,West
100,11-01-2025,22,17.12978315,26.39767395,air_filter,WM4,West
101,12-01-2025,22,16.47195411,26.29501644,air_filter,WM4,West
102,13-01-2025,22,17.24216031,26.80791664,air_filter,WM4,West
103,14-01-2025,22,16.99183643,26.46731131,air_filter,WM4,West
104,15-01-2025,22,16.98247471,26.52657302,air_filter,WM4,West
105,16-01-2025,21,16.63607169,25.88124819,air_filter,WM4,West
106,17-01-2025,22,16.88692338,26.44699701,air_filter,WM4,West
107,18-01-2025,22,17.25804938,26.42285683,air_filter,WM4,West
108,19-01-2025,22,16.51632742,26.20550867,air_filter,WM4,West
109,20-01-2025,22,16.87186176,26.46403435,air_filter,WM4,West
110,21-01-2025,21,16.21008072,26.05969611,air_filter,WM4,West
111,22-01-2025,22,16.80992462,26.61672852,air_filter,WM4,West
112,23-01-2025,21,16.35721166,25.96735116,air_filter,WM4,West
113,24-01-2025,21,16.58812873,25.99185049,air_filter,WM4,West
114,25-01-2025,21,16.38327501,26.27115277,air_filter,WM4,West
115,26-01-2025,21,16.44109754,25.8044691,air_filter,WM4,West
116,27-01-2025,21,16.80751723,26.35148427,air_filter,WM4,West
117,28-01-2025,21,16.20781238,25.44277338,air_filter,WM4,West
118,29-01-2025,21,16.57889793,25.71314237,air_filter,WM4,West
119,30-01-2025,20,15.83351901,25.23186266,air_filter,WM4,West
120,01-01-2025,19,14.64645744,23.57141067,brake_pad_left,WM1,Northeast
121,02-01-2025,19,15.026381,23.99626926,brake_pad_left,WM1,Northeast
122,03-01-2025,20,15.43987432,24.57343093,brake_pad_left,WM1,Northeast
123,04-01-2025,20,15.32467085,24.13914007,brake_pad_left,WM1,Northeast
124,05-01-2025,20,15.37918343,24.17182752,brake_pad_left,WM1,Northeast
125,06-01-2025,20,15.34712237,24.33438636,brake_pad_left,WM1,Northeast
126,07-01-2025,20,15.25488887,24.36781287,brake_pad_left,WM1,Northeast
127,08-01-2025,19,15.07596986,23.70464562,brake_pad_left,WM1,Northeast
128,09-01-2025,20,14.92051112,23.63100089,brake_pad_left,WM1,Northeast
129,10-01-2025,20,15.71536036,24.57118872,brake_pad_left,WM1,Northeast
130,11-01-2025,20,15.21559931,24.2841098,brake_pad_left,WM1,Northeast
131,12-01-2025,20,15.49233993,24.0093663,brake_pad_left,WM1,Northeast
132,13-01-2025,20,14.96669862,24.2836762,brake_pad_left,WM1,Northeast
133,14-01-2025,20,15.15923872,24.25017006,brake_pad_left,WM1,Northeast
134,15-01-2025,19,14.90399985,23.74518156,brake_pad_left,WM1,Northeast
135,16-01-2025,20,15.00939009,23.79724976,brake_pad_left,WM1,Northeast
136,17-01-2025,20,14.96159771,24.18238276,brake_pad_left,WM1,Northeast
137,18-01-2025,20,15.08761776,24.34881759,brake_pad_left,WM1,Northeast
138,19-01-2025,20,14.92543145,24.11992339,brake_pad_left,WM1,Northeast
139,20-01-2025,19,14.72512461,23.99882726,brake_pad_left,WM1,Northeast
140,21-01-2025,19,15.07706749,23.83185324,brake_pad_left,WM1,Northeast
141,22-01-2025,19,14.2838781,23.13822791,brake_pad_left,WM1,Northeast
142,23-01-2025,19,14.78620635,23.4116417,brake_pad_left,WM1,Northeast
143,24-01-2025,19,14.84764876,23.95699505,brake_pad_left,WM1,Northeast
144,25-01-2025,19,14.50820906,23.44871585,brake_pad_left,WM1,Northeast
145,26-01-2025,19,14.29487479,23.27595972,brake_pad_left,WM1,Northeast
146,27-01-2025,19,14.0394152,23.32504256,brake_pad_left,WM1,Northeast
147,28-01-2025,18,14.02199478,22.74682303,brake_pad_left,WM1,Northeast
148,29-01-2025,18,13.30819426,22.45164974,brake_pad_left,WM1,Northeast
149,30-01-2025,18,13.69919258,22.43227299,brake_pad_left,WM1,Northeast
150,01-01-2025,20,15.99506473,24.50008759,brake_pad_left,WM2,Midwest
151,02-01-2025,20,15.21792066,24.06429529,brake_pad_left,WM2,Midwest
152,03-01-2025,20,15.82708238,24.2628566,brake_pad_left,WM2,Midwest
153,04-01-2025,20,15.6196369,24.14252416,brake_pad_left,WM2,Midwest
154,05-01-2025,20,15.97806277,24.45290341,brake_pad_left,WM2,Midwest
155,06-01-2025,20,15.66731997,24.38188436,brake_pad_left,WM2,Midwest
156,07-01-2025,20,15.77916408,24.47486173,brake_pad_left,WM2,Midwest
157,08-01-2025,20,15.77628428,24.85142834,brake_pad_left,WM2,Midwest
158,09-01-2025,20,15.50152919,24.25686061,brake_pad_left,WM2,Midwest
159,10-01-2025,20,15.79250437,24.46926408,brake_pad_left,WM2,Midwest
160,11-01-2025,20,15.3800075,24.29340214,brake_pad_left,WM2,Midwest
161,12-01-2025,20,15.81690413,23.91942071,brake_pad_left,WM2,Midwest
162,13-01-2025,20,15.33407527,24.02249953,brake_pad_left,WM2,Midwest
163,14-01-2025,20,15.28730778,24.04285815,brake_pad_left,WM2,Midwest
164,15-01-2025,20,15.56163586,24.18943173,brake_pad_left,WM2,Midwest
165,16-01-2025,19,15.36047706,23.79936317,brake_pad_left,WM2,Midwest
166,17-01-2025,20,15.20575595,24.08104759,brake_pad_left,WM2,Midwest
167,18-01-2025,19,14.53688962,23.61771858,brake_pad_left,WM2,Midwest
168,19-01-2025,19,15.15990371,23.87556112,brake_pad_left,WM2,Midwest
169,20-01-2025,19,15.14950064,23.74002316,brake_pad_left,WM2,Midwest
170,21-01-2025,19,15.33372357,23.57205709,brake_pad_left,WM2,Midwest
171,22-01-2025,19,14.97127263,23.72643722,brake_pad_left,WM2,Midwest
172,23-01-2025,19,14.71855399,23.15100051,brake_pad_left,WM2,Midwest
173,24-01-2025,19,14.60007412,23.54040285,brake_pad_left,WM2,Midwest
174,25-01-2025,19,14.21161833,22.87710734,brake_pad_left,WM2,Midwest
175,26-01-2025,19,14.33256437,23.18594444,brake_pad_left,WM2,Midwest
176,27-01-2025,19,14.32321301,23.27429254,brake_pad_left,WM2,Midwest
177,28-01-2025,19,14.39145368,22.88937808,brake_pad_left,WM2,Midwest
178,29-01-2025,19,14.49692807,23.1701879,brake_pad_left,WM2,Midwest
179,30-01-2025,18,13.68926946,22.77035829,brake_pad_left,WM2,Midwest
180,01-01-2025,20,15.38777478,24.40238041,brake_pad_left,WM3,South
181,02-01-2025,20,15.35706655,23.86485731,brake_pad_left,WM3,South
182,03-01-2025,20,15.3093668,23.76703678,brake_pad_left,WM3,South
183,04-01-2025,20,14.99125989,24.02300052,brake_pad_left,WM3,South
184,05-01-2025,20,15.44077886,24.36655728,brake_pad_left,WM3,South
185,06-01-2025,19,14.84910551,23.99239538,brake_pad_left,WM3,South
186,07-01-2025,20,15.07674911,23.97974912,brake_pad_left,WM3,South
187,08-01-2025,20,15.00970657,23.79355047,brake_pad_left,WM3,South
188,09-01-2025,19,15.25733365,24.14660655,brake_pad_left,WM3,South
189,10-01-2025,19,14.99705775,23.7595709,brake_pad_left,WM3,South
190,11-01-2025,19,15.01290875,23.78221524,brake_pad_left,WM3,South
191,12-01-2025,20,15.20903641,23.82530022,brake_pad_left,WM3,South
192,13-01-2025,19,14.94338675,23.57038629,brake_pad_left,WM3,South
193,14-01-2025,19,15.15389119,23.96217024,brake_pad_left,WM3,South
194,15-01-2025,19,14.39940827,23.84206138,brake_pad_left,WM3,South
195,16-01-2025,19,14.79736317,23.72392745,brake_pad_left,WM3,South
196,17-01-2025,19,14.68538578,23.95191774,brake_pad_left,WM3,South
197,18-01-2025,19,14.78715213,23.92199429,brake_pad_left,WM3,South
198,19-01-2025,19,14.84835265,23.84984055,brake_pad_left,WM3,South
199,20-01-2025,19,14.48683918,23.54392448,brake_pad_left,WM3,South
200,21-01-2025,19,14.76014186,23.32734376,brake_pad_left,WM3,South
201,22-01-2025,19,14.67602389,23.47391307,brake_pad_left,WM3,South
202,23-01-2025,19,14.63322982,23.78521567,brake_pad_left,WM3,South
203,24-01-2025,19,14.37608472,23.30518567,brake_pad_left,WM3,South
204,25-01-2025,19,14.51016598,23.12893328,brake_pad_left,WM3,South
205,26-01-2025,19,14.64406419,23.58944605,brake_pad_left,WM3,South
206,27-01-2025,19,14.11667699,23.291599,brake_pad_left,WM3,South
207,28-01-2025,19,14.64520732,23.32605271,brake_pad_left,WM3,South
208,29-01-2025,19,14.11158935,22.93052786,brake_pad_left,WM3,South
209,30-01-2025,19,14.25533711,23.0517098,brake_pad_left,WM3,South
210,01-01-2025,19,15.0009385,23.57472017,brake_pad_left,WM4,West
211,02-01-2025,19,14.86102197,23.55091741,brake_pad_left,WM4,West
212,03-01-2025,20,15.19169806,23.69802701,brake_pad_left,WM4,West
213,04-01-2025,20,15.28495778,24.38472214,brake_pad_left,WM4,West
214,05-01-2025,19,15.30996459,23.91377641,brake_pad_left,WM4,West
215,06-01-2025,20,15.35159117,24.57555568,brake_pad_left,WM4,West
216,07-01-2025,20,14.91945699,23.82261268,brake_pad_left,WM4,West
217,08-01-2025,19,15.2943064,23.81311391,brake_pad_left,WM4,West
218,09-01-2025,19,15.26755379,23.68397897,brake_pad_left,WM4,West
219,10-01-2025,20,15.60188099,23.95564502,brake_pad_left,WM4,West
220,11-01-2025,20,15.24108638,24.14729388,brake_pad_left,WM4,West
221,12-01-2025,19,15.20738795,23.98091519,brake_pad_left,WM4,West
222,13-01-2025,20,15.3657389,23.95200435,brake_pad_left,WM4,West
223,14-01-2025,19,15.21834745,23.51449347,brake_pad_left,WM4,West
224,15-01-2025,19,15.27698326,23.74252056,brake_pad_left,WM4,West
225,16-01-2025,19,14.7287269,23.69530474,brake_pad_left,WM4,West
226,17-01-2025,19,15.2052934,23.7093506,brake_pad_left,WM4,West
227,18-01-2025,19,15.14920093,24.0593524,brake_pad_left,WM4,West
228,19-01-2025,19,14.63442161,23.92161056,brake_pad_left,WM4,West
229,20-01-2025,19,15.128505,23.67049809,brake_pad_left,WM4,West
230,21-01-2025,19,14.94372106,23.59692655,brake_pad_left,WM4,West
231,22-01-2025,19,14.34957749,23.26675964,brake_pad_left,WM4,West
232,23-01-2025,19,14.70909836,23.59778088,brake_pad_left,WM4,West
233,24-01-2025,19,14.65397609,23.25454018,brake_pad_left,WM4,West
234,25-01-2025,19,14.25975174,23.32738581,brake_pad_left,WM4,West
235,26-01-2025,19,14.43472165,23.18763237,brake_pad_left,WM4,West
236,27-01-2025,19,14.36545087,23.42613319,brake_pad_left,WM4,West
237,28-01-2025,19,14.38928702,22.83295102,brake_pad_left,WM4,West
238,29-01-2025,19,14.29291767,22.99766148,brake_pad_left,WM4,West
239,30-01-2025,18,13.95113081,22.7638129,brake_pad_left,WM4,West
240,01-01-2025,20,15.21584022,24.23509976,brake_pad_right,WM1,Northeast
241,02-01-2025,20,15.33729644,24.1903656,brake_pad_right,WM1,Northeast
242,03-01-2025,20,15.43143752,24.25848111,brake_pad_right,WM1,Northeast
243,04-01-2025,20,15.3965079,23.75335001,brake_pad_right,WM1,Northeast
244,05-01-2025,20,15.18267786,23.93569245,brake_pad_right,WM1,Northeast
245,06-01-2025,19,15.22226983,23.94644698,brake_pad_right,WM1,Northeast
246,07-01-2025,19,14.52534064,23.64164448,brake_pad_right,WM1,Northeast
247,08-01-2025,20,15.18297653,24.14644427,brake_pad_right,WM1,Northeast
248,09-01-2025,19,14.9777182,23.89921535,brake_pad_right,WM1,Northeast
249,10-01-2025,19,14.92201956,23.83607561,brake_pad_right,WM1,Northeast
250,11-01-2025,19,15.11602484,23.56469826,brake_pad_right,WM1,Northeast
251,12-01-2025,19,15.29774636,24.04850723,brake_pad_right,WM1,Northeast
252,13-01-2025,19,14.46009729,23.67714602,brake_pad_right,WM1,Northeast
253,14-01-2025,19,14.20781269,23.3744599,brake_pad_right,WM1,Northeast
254,15-01-2025,19,14.9117234,23.71821601,brake_pad_right,WM1,Northeast
255,16-01-2025,19,14.77399903,23.57969976,brake_pad_right,WM1,Northeast
256,17-01-2025,19,14.78374869,23.39895008,brake_pad_right,WM1,Northeast
257,18-01-2025,19,14.82408439,23.6204242,brake_pad_right,WM1,Northeast
258,19-01-2025,19,14.63494513,23.58754501,brake_pad_right,WM1,Northeast
259,20-01-2025,19,14.29556169,23.09599216,brake_pad_right,WM1,Northeast
260,21-01-2025,18,13.97516641,22.64072963,brake_pad_right,WM1,Northeast
261,22-01-2025,19,14.55030085,23.60773081,brake_pad_right,WM1,Northeast
262,23-01-2025,19,14.20469619,23.06786534,brake_pad_right,WM1,Northeast
263,24-01-2025,19,14.15704225,23.29716468,brake_pad_right,WM1,Northeast
264,25-01-2025,19,14.17843773,23.02461273,brake_pad_right,WM1,Northeast
265,26-01-2025,19,14.06836823,23.12756381,brake_pad_right,WM1,Northeast
266,27-01-2025,18,13.90670194,22.86468075,brake_pad_right,WM1,Northeast
267,28-01-2025,18,13.36182223,22.34831515,brake_pad_right,WM1,Northeast
268,29-01-2025,18,13.57474366,22.72238334,brake_pad_right,WM1,Northeast
269,30-01-2025,18,13.7202085,22.90614305,brake_pad_right,WM1,Northeast
270,01-01-2025,19,15.02270518,23.61891603,brake_pad_right,WM2,Midwest
271,02-01-2025,19,15.27566666,23.96382709,brake_pad_right,WM2,Midwest
272,03-01-2025,19,15.07286044,23.58758659,brake_pad_right,WM2,Midwest
273,04-01-2025,19,15.04471813,23.74822114,brake_pad_right,WM2,Midwest
274,05-01-2025,19,14.62683942,23.38695646,brake_pad_right,WM2,Midwest
275,06-01-2025,19,15.10520296,23.72939575,brake_pad_right,WM2,Midwest
276,07-01-2025,20,15.12462191,23.94701792,brake_pad_right,WM2,Midwest
277,08-01-2025,19,14.76051929,23.61414163,brake_pad_right,WM2,Midwest
278,09-01-2025,19,15.10499259,23.83757018,brake_pad_right,WM2,Midwest
279,10-01-2025,19,15.0287313,23.79628355,brake_pad_right,WM2,Midwest
280,11-01-2025,19,15.13229524,23.39272668,brake_pad_right,WM2,Midwest
281,12-01-2025,19,14.7619396,23.88965431,brake_pad_right,WM2,Midwest
282,13-01-2025,19,14.7049724,23.74823387,brake_pad_right,WM2,Midwest
283,14-01-2025,19,14.43581937,23.77083057,brake_pad_right,WM2,Midwest
284,15-01-2025,19,15.0520322,23.57560382,brake_pad_right,WM2,Midwest
285,16-01-2025,19,14.55418311,23.39847215,brake_pad_right,WM2,Midwest
286,17-01-2025,19,14.85903379,23.21036587,brake_pad_right,WM2,Midwest
287,18-01-2025,19,14.69832235,23.17361798,brake_pad_right,WM2,Midwest
288,19-01-2025,19,14.41506573,23.535093,brake_pad_right,WM2,Midwest
289,20-01-2025,19,14.87751758,23.51331427,brake_pad_right,WM2,Midwest
290,21-01-2025,19,15.04015088,23.65750285,brake_pad_right,WM2,Midwest
291,22-01-2025,19,14.1922178,22.90059313,brake_pad_right,WM2,Midwest
292,23-01-2025,19,14.2113924,23.3619182,brake_pad_right,WM2,Midwest
293,24-01-2025,19,14.27385246,23.24590597,brake_pad_right,WM2,Midwest
294,25-01-2025,19,14.18943515,23.08928457,brake_pad_right,WM2,Midwest
295,26-01-2025,19,14.54767461,23.33125706,brake_pad_right,WM2,Midwest
296,27-01-2025,19,14.14719994,23.14283876,brake_pad_right,WM2,Midwest
297,28-01-2025,19,14.36371412,23.07540617,brake_pad_right,WM2,Midwest
298,29-01-2025,18,13.97021753,22.622238,brake_pad_right,WM2,Midwest
299,30-01-2025,18,13.94661143,23.14833953,brake_pad_right,WM2,Midwest
300,01-01-2025,20,15.7459638,24.4859161,brake_pad_right,WM3,South
301,02-01-2025,20,14.78675183,24.20339703,brake_pad_right,WM3,South
302,03-01-2025,20,15.65413057,24.50716718,brake_pad_right,WM3,South
303,04-01-2025,20,15.33838168,23.97663474,brake_pad_right,WM3,South
304,05-01-2025,20,15.53011082,24.43337385,brake_pad_right,WM3,South
305,06-01-2025,20,15.49231442,24.31014967,brake_pad_right,WM3,South
306,07-01-2025,20,15.5569809,24.13618705,brake_pad_right,WM3,South
307,08-01-2025,20,15.92882529,25.21191522,brake_pad_right,WM3,South
308,09-01-2025,20,15.07147693,23.90433256,brake_pad_right,WM3,South
309,10-01-2025,20,15.40517758,24.29266415,brake_pad_right,WM3,South
310,11-01-2025,20,15.20529056,24.26125434,brake_pad_right,WM3,South
311,12-01-2025,20,15.69014893,24.45108581,brake_pad_right,WM3,South
312,13-01-2025,20,15.21656803,23.84246453,brake_pad_right,WM3,South
313,14-01-2025,20,15.28097221,24.5412492,brake_pad_right,WM3,South
314,15-01-2025,20,15.41464542,24.60135055,brake_pad_right,WM3,South
315,16-01-2025,19,14.56160476,24.03406141,brake_pad_right,WM3,South
316,17-01-2025,20,15.16224695,24.03142691,brake_pad_right,WM3,South
317,18-01-2025,19,15.05249411,24.06104916,brake_pad_right,WM3,South
318,19-01-2025,19,15.09239229,23.94214856,brake_pad_right,WM3,South
319,20-01-2025,19,14.56586788,23.76313507,brake_pad_right,WM3,South
320,21-01-2025,19,14.77279697,23.78643711,brake_pad_right,WM3,South
321,22-01-2025,19,14.79807772,23.35251826,brake_pad_right,WM3,South
322,23-01-2025,19,14.31970171,23.20181434,brake_pad_right,WM3,South
323,24-01-2025,19,14.62062158,23.36794943,brake_pad_right,WM3,South
324,25-01-2025,19,14.55682185,23.20356974,brake_pad_right,WM3,South
325,26-01-2025,19,14.13310501,23.4760659,brake_pad_right,WM3,South
326,27-01-2025,19,14.1649505,22.88438872,brake_pad_right,WM3,South
327,28-01-2025,19,14.48706166,23.13183687,brake_pad_right,WM3,South
328,29-01-2025,19,14.06083038,23.22703213,brake_pad_right,WM3,South
329,30-01-2025,18,13.52560432,22.41687522,brake_pad_right,WM3,South
330,01-01-2025,20,15.32393123,23.96417523,brake_pad_right,WM4,West
331,02-01-2025,19,15.1738023,23.55529239,brake_pad_right,WM4,West
332,03-01-2025,20,15.08553089,24.2973915,brake_pad_right,WM4,West
333,04-01-2025,20,15.65786177,24.49146307,brake_pad_right,WM4,West
334,05-01-2025,19,14.93523127,23.50465839,brake_pad_right,WM4,West
335,06-01-2025,19,15.27580717,23.88055932,brake_pad_right,WM4,West
336,07-01-2025,19,15.27779828,24.05429139,brake_pad_right,WM4,West
337,08-01-2025,19,15.06114036,23.50536865,brake_pad_right,WM4,West
338,09-01-2025,19,14.93249765,23.78811923,brake_pad_right,WM4,West
339,10-01-2025,20,15.13203205,23.55923087,brake_pad_right,WM4,West
340,11-01-2025,19,15.23962516,23.58639045,brake_pad_right,WM4,West
341,12-01-2025,19,14.40217821,23.2412328,brake_pad_right,WM4,West
342,13-01-2025,19,14.88633217,23.5797584,brake_pad_right,WM4,West
343,14-01-2025,19,14.64372972,23.5314591,brake_pad_right,WM4,West
344,15-01-2025,19,14.42144147,23.35182629,brake_pad_right,WM4,West
345,16-01-2025,19,14.6078213,23.10664195,brake_pad_right,WM4,West
346,17-01-2025,19,14.87544492,23.41441946,brake_pad_right,WM4,West
347,18-01-2025,19,14.63084823,23.28167254,brake_pad_right,WM4,West
348,19-01-2025,18,13.80695552,22.85723235,brake_pad_right,WM4,West
349,20-01-2025,19,14.26016412,22.80995593,brake_pad_right,WM4,West
350,21-01-2025,19,14.22202959,22.84272726,brake_pad_right,WM4,West
351,22-01-2025,18,14.15423194,22.56931675,brake_pad_right,WM4,West
352,23-01-2025,18,13.96884179,22.58910578,brake_pad_right,WM4,West
353,24-01-2025,19,14.17619199,22.93868619,brake_pad_right,WM4,West
354,25-01-2025,18,13.83477716,22.86952137,brake_pad_right,WM4,West
355,26-01-2025,18,13.44830027,22.15335755,brake_pad_right,WM4,West
356,27-01-2025,18,13.49319921,22.50401451,brake_pad_right,WM4,West
357,28-01-2025,18,13.54321934,22.55784625,brake_pad_right,WM4,West
358,29-01-2025,18,14.07621142,22.39510287,brake_pad_right,WM4,West
359,30-01-2025,18,13.29883825,22.15983971,brake_pad_right,WM4,West
360,01-01-2025,24,19.10430134,29.87622299,engine_oil_filter,WM1,Northeast
361,02-01-2025,24,18.24687625,29.58737323,engine_oil_filter,WM1,Northeast
362,03-01-2025,25,18.68217779,30.07466374,engine_oil_filter,WM1,Northeast
363,04-01-2025,24,19.00743098,29.68542379,engine_oil_filter,WM1,Northeast
364,05-01-2025,24,18.52059261,29.90106759,engine_oil_filter,WM1,Northeast
365,06-01-2025,24,17.83270548,28.77787819,engine_oil_filter,WM1,Northeast
366,07-01-2025,24,18.82104538,29.67421608,engine_oil_filter,WM1,Northeast
367,08-01-2025,25,18.88004091,30.126172,engine_oil_filter,WM1,Northeast
368,09-01-2025,25,19.18968568,29.74671203,engine_oil_filter,WM1,Northeast
369,10-01-2025,25,19.08153326,30.33259748,engine_oil_filter,WM1,Northeast
370,11-01-2025,24,18.57891377,30.11299562,engine_oil_filter,WM1,Northeast
371,12-01-2025,24,18.85883839,30.06419112,engine_oil_filter,WM1,Northeast
372,13-01-2025,24,17.80873183,29.41261795,engine_oil_filter,WM1,Northeast
373,14-01-2025,25,18.94924726,30.22694795,engine_oil_filter,WM1,Northeast
374,15-01-2025,25,19.73473051,30.76212677,engine_oil_filter,WM1,Northeast
375,16-01-2025,25,19.43876229,30.26976233,engine_oil_filter,WM1,Northeast
376,17-01-2025,25,19.46560832,30.62636753,engine_oil_filter,WM1,Northeast
377,18-01-2025,25,19.16829908,30.01086065,engine_oil_filter,WM1,Northeast
378,19-01-2025,25,18.99185022,30.31548856,engine_oil_filter,WM1,Northeast
379,20-01-2025,24,18.05857228,29.51761085,engine_oil_filter,WM1,Northeast
380,21-01-2025,25,19.16833656,29.6553324,engine_oil_filter,WM1,Northeast
381,22-01-2025,25,19.6218554,30.49990899,engine_oil_filter,WM1,Northeast
382,23-01-2025,25,19.41771352,30.48350572,engine_oil_filter,WM1,Northeast
383,24-01-2025,25,19.52859766,30.24900181,engine_oil_filter,WM1,Northeast
384,25-01-2025,24,18.63475849,29.75705383,engine_oil_filter,WM1,Northeast
385,26-01-2025,24,18.16065452,29.60589911,engine_oil_filter,WM1,Northeast
386,27-01-2025,23,17.65381003,28.69097444,engine_oil_filter,WM1,Northeast
387,28-01-2025,24,18.70256548,29.45233886,engine_oil_filter,WM1,Northeast
388,29-01-2025,24,18.41029847,29.29460458,engine_oil_filter,WM1,Northeast
389,30-01-2025,24,17.83897034,29.64312237,engine_oil_filter,WM1,Northeast
390,01-01-2025,24,18.45675293,29.86405044,engine_oil_filter,WM2,Midwest
391,02-01-2025,25,19.04085105,30.13088642,engine_oil_filter,WM2,Midwest
392,03-01-2025,25,19.4428807,30.39517223,engine_oil_filter,WM2,Midwest
393,04-01-2025,25,19.33005023,29.7100818,engine_oil_filter,WM2,Midwest
394,05-01-2025,25,19.03989199,29.77311609,engine_oil_filter,WM2,Midwest
395,06-01-2025,25,19.12225318,30.59925973,engine_oil_filter,WM2,Midwest
396,07-01-2025,24,19.20693119,29.71958687,engine_oil_filter,WM2,Midwest
397,08-01-2025,24,18.42964281,29.22147653,engine_oil_filter,WM2,Midwest
398,09-01-2025,24,19.09474143,30.08551442,engine_oil_filter,WM2,Midwest
399,10-01-2025,25,19.085759,29.77845767,engine_oil_filter,WM2,Midwest
400,11-01-2025,25,18.80384872,30.03591603,engine_oil_filter,WM2,Midwest
401,12-01-2025,24,19.30871377,29.76538195,engine_oil_filter,WM2,Midwest
402,13-01-2025,24,19.30272327,30.11652177,engine_oil_filter,WM2,Midwest
403,14-01-2025,24,18.5627791,29.26215773,engine_oil_filter,WM2,Midwest
404,15-01-2025,23,17.78098849,28.43686768,engine_oil_filter,WM2,Midwest
405,16-01-2025,24,18.54766506,29.51778631,engine_oil_filter,WM2,Midwest
406,17-01-2025,24,18.59120886,29.42068194,engine_oil_filter,WM2,Midwest
407,18-01-2025,24,18.91577692,29.82447269,engine_oil_filter,WM2,Midwest
408,19-01-2025,24,19.0415617,29.79896939,engine_oil_filter,WM2,Midwest
409,20-01-2025,24,18.74452802,29.32100635,engine_oil_filter,WM2,Midwest
410,21-01-2025,23,18.22185496,28.91007057,engine_oil_filter,WM2,Midwest
411,22-01-2025,23,17.33791073,28.85499249,engine_oil_filter,WM2,Midwest
412,23-01-2025,24,17.74334091,28.97828258,engine_oil_filter,WM2,Midwest
413,24-01-2025,24,18.54644415,29.50450191,engine_oil_filter,WM2,Midwest
414,25-01-2025,24,17.88371891,29.29448512,engine_oil_filter,WM2,Midwest
415,26-01-2025,24,17.69485271,28.76248809,engine_oil_filter,WM2,Midwest
416,27-01-2025,24,18.39373579,28.82126534,engine_oil_filter,WM2,Midwest
417,28-01-2025,23,17.34880252,28.04113265,engine_oil_filter,WM2,Midwest
418,29-01-2025,23,16.96104529,28.0474343,engine_oil_filter,WM2,Midwest
419,30-01-2025,23,17.6820889,28.48742601,engine_oil_filter,WM2,Midwest
420,01-01-2025,25,19.32387403,30.29905341,engine_oil_filter,WM3,South
421,02-01-2025,25,19.24107942,30.8477471,engine_oil_filter,WM3,South
422,03-01-2025,25,19.66711571,30.7901746,engine_oil_filter,WM3,South
423,04-01-2025,25,18.76267885,30.38695545,engine_oil_filter,WM3,South
424,05-01-2025,25,19.4874885,30.45127133,engine_oil_filter,WM3,South
425,06-01-2025,24,19.18130438,30.08419883,engine_oil_filter,WM3,South
426,07-01-2025,25,19.22290103,29.97263146,engine_oil_filter,WM3,South
427,08-01-2025,25,19.60255519,30.53754776,engine_oil_filter,WM3,South
428,09-01-2025,25,19.23008991,30.49220843,engine_oil_filter,WM3,South
429,10-01-2025,25,19.46027079,30.68334672,engine_oil_filter,WM3,South
430,11-01-2025,25,18.4963992,29.9215716,engine_oil_filter,WM3,South
431,12-01-2025,25,19.1533317,30.41177361,engine_oil_filter,WM3,South
432,13-01-2025,24,18.80401399,29.89837925,engine_oil_filter,WM3,South
433,14-01-2025,25,18.93868635,29.98234144,engine_oil_filter,WM3,South
434,15-01-2025,25,19.08280434,30.52047222,engine_oil_filter,WM3,South
435,16-01-2025,25,19.11555249,30.27839273,engine_oil_filter,WM3,South
436,17-01-2025,25,19.23811628,30.08013987,engine_oil_filter,WM3,South
437,18-01-2025,24,18.6677979,29.64414888,engine_oil_filter,WM3,South
438,19-01-2025,25,19.16828183,30.2974118,engine_oil_filter,WM3,South
439,20-01-2025,24,18.45628464,29.59649817,engine_oil_filter,WM3,South
440,21-01-2025,24,18.49481435,29.79126708,engine_oil_filter,WM3,South
441,22-01-2025,24,18.37906415,29.78669103,engine_oil_filter,WM3,South
442,23-01-2025,24,18.20403126,29.85161477,engine_oil_filter,WM3,South
443,24-01-2025,24,19.19016932,30.10089693,engine_oil_filter,WM3,South
444,25-01-2025,24,17.90603985,29.47101165,engine_oil_filter,WM3,South
445,26-01-2025,24,18.11729853,29.69911034,engine_oil_filter,WM3,South
446,27-01-2025,23,17.8036791,28.48323976,engine_oil_filter,WM3,South
447,28-01-2025,24,17.70923727,28.83107555,engine_oil_filter,WM3,South
448,29-01-2025,24,18.05170971,29.59663302,engine_oil_filter,WM3,South
449,30-01-2025,23,17.57881953,29.33019007,engine_oil_filter,WM3,South
450,01-01-2025,25,19.43165564,30.34560695,engine_oil_filter,WM4,West
451,02-01-2025,24,19.41166447,29.98023778,engine_oil_filter,WM4,West
452,03-01-2025,24,18.9503818,30.11646559,engine_oil_filter,WM4,West
453,04-01-2025,25,19.46822398,30.49117195,engine_oil_filter,WM4,West
454,05-01-2025,25,18.79345984,30.23757571,engine_oil_filter,WM4,West
455,06-01-2025,24,18.7486753,30.14747451,engine_oil_filter,WM4,West
456,07-01-2025,24,18.38046479,29.50022045,engine_oil_filter,WM4,West
457,08-01-2025,25,19.10077546,30.15198651,engine_oil_filter,WM4,West
458,09-01-2025,24,18.82720415,30.10845768,engine_oil_filter,WM4,West
459,10-01-2025,24,18.72718414,30.07487587,engine_oil_filter,WM4,West
460,11-01-2025,25,18.98308015,30.19799841,engine_oil_filter,WM4,West
461,12-01-2025,25,19.45523063,29.94636103,engine_oil_filter,WM4,West
462,13-01-2025,24,19.08101349,29.67473271,engine_oil_filter,WM4,West
463,14-01-2025,24,18.80264595,29.57976197,engine_oil_filter,WM4,West
464,15-01-2025,25,18.99272076,29.98815367,engine_oil_filter,WM4,West
465,16-01-2025,24,18.94927708,30.10348227,engine_oil_filter,WM4,West
466,17-01-2025,24,18.73951014,30.32861579,engine_oil_filter,WM4,West
467,18-01-2025,25,19.16048592,29.98558402,engine_oil_filter,WM4,West
468,19-01-2025,24,18.89975512,29.76590887,engine_oil_filter,WM4,West
469,20-01-2025,24,18.44449347,29.28224859,engine_oil_filter,WM4,West
470,21-01-2025,24,18.3896924,29.5419662,engine_oil_filter,WM4,West
471,22-01-2025,24,18.90621808,29.47333069,engine_oil_filter,WM4,West
472,23-01-2025,24,18.42542648,29.47366067,engine_oil_filter,WM4,West
473,24-01-2025,24,18.2496917,29.49430327,engine_oil_filter,WM4,West
474,25-01-2025,24,18.38440735,29.58325995,engine_oil_filter,WM4,West
475,26-01-2025,24,18.37198844,29.4769814,engine_oil_filter,WM4,West
476,27-01-2025,24,18.01893297,29.04316318,engine_oil_filter,WM4,West
477,28-01-2025,23,17.61822491,28.58184992,engine_oil_filter,WM4,West
478,29-01-2025,24,18.14415461,28.97706672,engine_oil_filter,WM4,West
479,30-01-2025,23,17.78049931,28.72277271,engine_oil_filter,WM4,West
480,01-01-2025,18,13.85962982,21.6186891,fuel_filter,WM1,Northeast
481,02-01-2025,18,13.79275205,21.56665054,fuel_filter,WM1,Northeast
482,03-01-2025,18,13.79884771,21.72113572,fuel_filter,WM1,Northeast
483,04-01-2025,18,13.49905252,21.36077483,fuel_filter,WM1,Northeast
484,05-01-2025,18,13.64654767,21.5751442,fuel_filter,WM1,Northeast
485,06-01-2025,18,13.6418392,21.20390099,fuel_filter,WM1,Northeast
486,07-01-2025,17,13.24650459,21.3535077,fuel_filter,WM1,Northeast
487,08-01-2025,18,13.68450355,21.5217675,fuel_filter,WM1,Northeast
488,09-01-2025,17,13.71799861,21.21920875,fuel_filter,WM1,Northeast
489,10-01-2025,18,13.72968897,21.50578231,fuel_filter,WM1,Northeast
490,11-01-2025,17,13.37955612,21.25256631,fuel_filter,WM1,Northeast
491,12-01-2025,17,13.22287246,21.03478716,fuel_filter,WM1,Northeast
492,13-01-2025,17,13.12218647,21.24252976,fuel_filter,WM1,Northeast
493,14-01-2025,17,13.09060656,21.18013374,fuel_filter,WM1,Northeast
494,15-01-2025,17,13.43313986,21.57811316,fuel_filter,WM1,Northeast
495,16-01-2025,17,13.4684778,21.12338681,fuel_filter,WM1,Northeast
496,17-01-2025,17,13.42275145,21.16230472,fuel_filter,WM1,Northeast
497,18-01-2025,17,13.12157817,21.25263229,fuel_filter,WM1,Northeast
498,19-01-2025,17,13.19222513,20.91955342,fuel_filter,WM1,Northeast
499,20-01-2025,17,13.31075115,20.97138992,fuel_filter,WM1,Northeast
500,21-01-2025,17,12.95584757,20.93898082,fuel_filter,WM1,Northeast
501,22-01-2025,17,13.50510177,20.99274845,fuel_filter,WM1,Northeast
502,23-01-2025,17,13.311576,21.01933211,fuel_filter,WM1,Northeast
503,24-01-2025,17,13.16108438,20.89837379,fuel_filter,WM1,Northeast
504,25-01-2025,17,12.56921108,20.95095739,fuel_filter,WM1,Northeast
505,26-01-2025,17,13.00520473,21.0363274,fuel_filter,WM1,Northeast
506,27-01-2025,17,13.30655203,20.78160421,fuel_filter,WM1,Northeast
507,28-01-2025,17,12.61689655,20.08517086,fuel_filter,WM1,Northeast
508,29-01-2025,17,12.93903993,21.0983379,fuel_filter,WM1,Northeast
509,30-01-2025,17,12.53309919,20.35808995,fuel_filter,WM1,Northeast
510,01-01-2025,17,13.5065009,21.36615341,fuel_filter,WM2,Midwest
511,02-01-2025,17,13.21605157,21.25144866,fuel_filter,WM2,Midwest
512,03-01-2025,17,13.22601018,20.97553569,fuel_filter,WM2,Midwest
513,04-01-2025,17,13.08635441,21.18040643,fuel_filter,WM2,Midwest
514,05-01-2025,17,13.15733711,20.93588297,fuel_filter,WM2,Midwest
515,06-01-2025,17,12.90053484,20.70819758,fuel_filter,WM2,Midwest
516,07-01-2025,17,12.88623024,20.7502886,fuel_filter,WM2,Midwest
517,08-01-2025,17,12.80722058,20.98171724,fuel_filter,WM2,Midwest
518,09-01-2025,17,12.8856123,20.85632139,fuel_filter,WM2,Midwest
519,10-01-2025,17,13.21026686,20.89233384,fuel_filter,WM2,Midwest
520,11-01-2025,17,13.11082897,21.06334132,fuel_filter,WM2,Midwest
521,12-01-2025,17,12.88345808,20.89497459,fuel_filter,WM2,Midwest
522,13-01-2025,17,12.94994027,20.96593674,fuel_filter,WM2,Midwest
523,14-01-2025,17,12.84936394,20.83823408,fuel_filter,WM2,Midwest
524,15-01-2025,17,13.37650694,21.21143737,fuel_filter,WM2,Midwest
525,16-01-2025,17,12.95616688,20.88325199,fuel_filter,WM2,Midwest
526,17-01-2025,17,13.40375586,20.97954497,fuel_filter,WM2,Midwest
527,18-01-2025,17,13.13236652,21.01265725,fuel_filter,WM2,Midwest
528,19-01-2025,17,13.05992473,20.99202139,fuel_filter,WM2,Midwest
529,20-01-2025,17,13.17702819,21.05385464,fuel_filter,WM2,Midwest
530,21-01-2025,17,12.98971368,20.98519909,fuel_filter,WM2,Midwest
531,22-01-2025,17,13.3031887,21.27738199,fuel_filter,WM2,Midwest
532,23-01-2025,17,13.207064,20.76745171,fuel_filter,WM2,Midwest
533,24-01-2025,17,13.22142953,21.2732202,fuel_filter,WM2,Midwest
534,25-01-2025,17,13.5063162,21.3706223,fuel_filter,WM2,Midwest
535,26-01-2025,17,12.98742119,21.19699953,fuel_filter,WM2,Midwest
536,27-01-2025,17,12.97759022,20.89124123,fuel_filter,WM2,Midwest
537,28-01-2025,17,12.84553918,20.91495833,fuel_filter,WM2,Midwest
538,29-01-2025,17,13.05363504,21.16604237,fuel_filter,WM2,Midwest
539,30-01-2025,17,12.99937885,20.97947166,fuel_filter,WM2,Midwest
540,01-01-2025,17,13.34056905,21.36427784,fuel_filter,WM3,South
541,02-01-2025,18,13.5680691,21.66871491,fuel_filter,WM3,South
542,03-01-2025,18,13.69820743,21.97866566,fuel_filter,WM3,South
543,04-01-2025,18,13.67795579,21.52642735,fuel_filter,WM3,South
544,05-01-2025,17,13.52711221,21.55133085,fuel_filter,WM3,South
545,06-01-2025,18,13.38289228,21.60382883,fuel_filter,WM3,South
546,07-01-2025,18,13.35517443,21.5512369,fuel_filter,WM3,South
547,08-01-2025,18,13.18924805,21.65850592,fuel_filter,WM3,South
548,09-01-2025,18,13.41697413,21.79791713,fuel_filter,WM3,South
549,10-01-2025,18,14.10752457,21.93966808,fuel_filter,WM3,South
550,11-01-2025,18,13.70189727,21.51419169,fuel_filter,WM3,South
551,12-01-2025,17,13.34705855,21.33228777,fuel_filter,WM3,South
552,13-01-2025,18,13.88297274,21.53605246,fuel_filter,WM3,South
553,14-01-2025,17,13.57715251,21.516172,fuel_filter,WM3,South
554,15-01-2025,17,13.47578028,21.49842696,fuel_filter,WM3,South
555,16-01-2025,18,13.54183215,21.2566091,fuel_filter,WM3,South
556,17-01-2025,18,13.35977202,21.40053578,fuel_filter,WM3,South
557,18-01-2025,18,13.65426262,21.599401,fuel_filter,WM3,South
558,19-01-2025,17,13.01959178,21.17580428,fuel_filter,WM3,South
559,20-01-2025,17,13.26602813,21.57465429,fuel_filter,WM3,South
560,21-01-2025,17,13.16583058,21.28229693,fuel_filter,WM3,South
561,22-01-2025,17,12.90905268,20.79222969,fuel_filter,WM3,South
562,23-01-2025,17,13.26183768,21.30879963,fuel_filter,WM3,South
563,24-01-2025,17,13.19940037,21.02268459,fuel_filter,WM3,South
564,25-01-2025,17,13.05317122,21.10009971,fuel_filter,WM3,South
565,26-01-2025,17,12.56618878,20.72512139,fuel_filter,WM3,South
566,27-01-2025,17,12.60807131,20.92639556,fuel_filter,WM3,South
567,28-01-2025,17,12.40574625,20.66454111,fuel_filter,WM3,South
568,29-01-2025,16,12.38337872,20.62484805,fuel_filter,WM3,South
569,30-01-2025,17,12.58636638,20.55790797,fuel_filter,WM3,South
570,01-01-2025,18,13.54336706,21.86348634,fuel_filter,WM4,West
571,02-01-2025,18,13.49327162,22.01146468,fuel_filter,WM4,West
572,03-01-2025,18,14.1580949,21.70514052,fuel_filter,WM4,West
573,04-01-2025,18,13.74553849,21.96232523,fuel_filter,WM4,West
574,05-01-2025,18,13.86174331,21.69049576,fuel_filter,WM4,West
575,06-01-2025,18,13.99898082,21.85835443,fuel_filter,WM4,West
576,07-01-2025,17,13.27924841,21.41705249,fuel_filter,WM4,West
577,08-01-2025,18,13.78691925,21.50051036,fuel_filter,WM4,West
578,09-01-2025,18,13.99781846,21.92495771,fuel_filter,WM4,West
579,10-01-2025,18,13.78954444,21.67551369,fuel_filter,WM4,West
580,11-01-2025,18,13.61807153,21.89000031,fuel_filter,WM4,West
581,12-01-2025,17,13.50988584,21.19265577,fuel_filter,WM4,West
582,13-01-2025,18,13.94807449,22.00474947,fuel_filter,WM4,West
583,14-01-2025,17,13.56100659,21.46000286,fuel_filter,WM4,West
584,15-01-2025,17,13.39912094,21.15525382,fuel_filter,WM4,West
585,16-01-2025,18,14.11710247,21.66181793,fuel_filter,WM4,West
586,17-01-2025,17,13.3095029,21.54651552,fuel_filter,WM4,West
587,18-01-2025,18,13.64832775,21.68485955,fuel_filter,WM4,West
588,19-01-2025,17,13.31086822,21.17059694,fuel_filter,WM4,West
589,20-01-2025,17,13.65190674,21.3778783,fuel_filter,WM4,West
590,21-01-2025,17,12.72155528,21.06559523,fuel_filter,WM4,West
591,22-01-2025,17,12.40409953,21.14468014,fuel_filter,WM4,West
592,23-01-2025,17,13.10564291,21.00094172,fuel_filter,WM4,West
593,24-01-2025,17,12.927261,20.88274686,fuel_filter,WM4,West
594,25-01-2025,17,13.1123507,20.90295524,fuel_filter,WM4,West
595,26-01-2025,17,12.866985,20.96112038,fuel_filter,WM4,West
596,27-01-2025,17,12.90398975,20.99731996,fuel_filter,WM4,West
597,28-01-2025,16,12.5943311,20.42527963,fuel_filter,WM4,West
598,29-01-2025,16,12.60586304,20.66785251,fuel_filter,WM4,West
599,30-01-2025,17,12.66229587,20.46001269,fuel_filter,WM4,West
600,01-01-2025,30,23.30866217,36.69430882,wiper_blade,WM1,Northeast
601,02-01-2025,30,23.10823318,36.72814911,wiper_blade,WM1,Northeast
602,03-01-2025,31,23.8217677,37.1286686,wiper_blade,WM1,Northeast
603,04-01-2025,30,23.77160938,36.7447802,wiper_blade,WM1,Northeast
604,05-01-2025,30,23.87176543,36.18693677,wiper_blade,WM1,Northeast
605,06-01-2025,30,23.09746482,36.67962553,wiper_blade,WM1,Northeast
606,07-01-2025,30,23.22953413,36.80589348,wiper_blade,WM1,Northeast
607,08-01-2025,30,23.23899543,36.56343077,wiper_blade,WM1,Northeast
608,09-01-2025,30,23.77783051,36.80503364,wiper_blade,WM1,Northeast
609,10-01-2025,31,24.20495956,37.7225782,wiper_blade,WM1,Northeast
610,11-01-2025,30,23.84857461,37.00510672,wiper_blade,WM1,Northeast
611,12-01-2025,30,23.70532911,37.53580711,wiper_blade,WM1,Northeast
612,13-01-2025,30,23.9536765,37.06024488,wiper_blade,WM1,Northeast
613,14-01-2025,30,23.87409396,36.92282697,wiper_blade,WM1,Northeast
614,15-01-2025,30,23.65969026,36.58277971,wiper_blade,WM1,Northeast
615,16-01-2025,31,24.0143734,37.04856695,wiper_blade,WM1,Northeast
616,17-01-2025,31,24.38397707,37.46564851,wiper_blade,WM1,Northeast
617,18-01-2025,30,23.42873565,36.53878956,wiper_blade,WM1,Northeast
618,19-01-2025,30,23.1680561,36.84682446,wiper_blade,WM1,Northeast
619,20-01-2025,30,23.29061027,36.36946904,wiper_blade,WM1,Northeast
620,21-01-2025,30,23.72674416,36.69452763,wiper_blade,WM1,Northeast
621,22-01-2025,30,22.9543687,36.23911454,wiper_blade,WM1,Northeast
622,23-01-2025,30,23.45924704,36.56994456,wiper_blade,WM1,Northeast
623,24-01-2025,30,23.98381041,36.37852817,wiper_blade,WM1,Northeast
624,25-01-2025,30,22.80569999,36.02816159,wiper_blade,WM1,Northeast
625,26-01-2025,30,23.0531194,36.06877057,wiper_blade,WM1,Northeast
626,27-01-2025,29,22.73107639,35.90907254,wiper_blade,WM1,Northeast
627,28-01-2025,29,22.74732255,35.4927976,wiper_blade,WM1,Northeast
628,29-01-2025,29,22.3400305,35.65509415,wiper_blade,WM1,Northeast
629,30-01-2025,29,22.60360676,35.860548,wiper_blade,WM1,Northeast
630,01-01-2025,28,22.04286495,35.04749574,wiper_blade,WM2,Midwest
631,02-01-2025,28,21.99272734,34.76725489,wiper_blade,WM2,Midwest
632,03-01-2025,29,22.63592011,35.66755274,wiper_blade,WM2,Midwest
633,04-01-2025,29,22.14087289,35.77107554,wiper_blade,WM2,Midwest
634,05-01-2025,29,21.85200961,35.20434186,wiper_blade,WM2,Midwest
635,06-01-2025,29,21.98005877,35.2984573,wiper_blade,WM2,Midwest
636,07-01-2025,29,22.57990823,35.64637022,wiper_blade,WM2,Midwest
637,08-01-2025,29,21.56765656,34.95664099,wiper_blade,WM2,Midwest
638,09-01-2025,29,22.1967245,35.42948855,wiper_blade,WM2,Midwest
639,10-01-2025,29,22.49837571,35.62553417,wiper_blade,WM2,Midwest
640,11-01-2025,29,22.50302443,35.92886047,wiper_blade,WM2,Midwest
641,12-01-2025,29,22.43668453,35.15342499,wiper_blade,WM2,Midwest
642,13-01-2025,29,22.54076492,35.12207956,wiper_blade,WM2,Midwest
643,14-01-2025,29,22.55507127,35.83378572,wiper_blade,WM2,Midwest
644,15-01-2025,29,22.2939776,35.1930335,wiper_blade,WM2,Midwest
645,16-01-2025,29,21.99531696,34.96958036,wiper_blade,WM2,Midwest
646,17-01-2025,29,22.57735643,35.24059606,wiper_blade,WM2,Midwest
647,18-01-2025,29,22.89200396,35.61132256,wiper_blade,WM2,Midwest
648,19-01-2025,29,22.54384573,35.4820854,wiper_blade,WM2,Midwest
649,20-01-2025,29,22.33886732,35.67024397,wiper_blade,WM2,Midwest
650,21-01-2025,29,22.04900313,35.77922022,wiper_blade,WM2,Midwest
651,22-01-2025,28,22.01624441,35.02938515,wiper_blade,WM2,Midwest
652,23-01-2025,28,21.9761491,34.69872105,wiper_blade,WM2,Midwest
653,24-01-2025,29,21.36211778,35.02614001,wiper_blade,WM2,Midwest
654,25-01-2025,28,21.86354871,34.74598756,wiper_blade,WM2,Midwest
655,26-01-2025,28,21.46161181,34.73285377,wiper_blade,WM2,Midwest
656,27-01-2025,28,20.98945095,34.13364169,wiper_blade,WM2,Midwest
657,28-01-2025,28,21.08477568,34.32338087,wiper_blade,WM2,Midwest
658,29-01-2025,27,20.90015253,34.20924131,wiper_blade,WM2,Midwest
659,30-01-2025,27,20.2827991,33.51955752,wiper_blade,WM2,Midwest
660,01-01-2025,30,23.40179082,36.63061464,wiper_blade,WM3,South
661,02-01-2025,30,23.54235059,36.24835128,wiper_blade,WM3,South
662,03-01-2025,30,23.58746675,36.01611569,wiper_blade,WM3,South
663,04-01-2025,30,23.2898393,36.32372391,wiper_blade,WM3,South
664,05-01-2025,30,23.48529925,36.29932317,wiper_blade,WM3,South
665,06-01-2025,29,22.65481869,36.0219232,wiper_blade,WM3,South
666,07-01-2025,30,23.13458644,36.03238351,wiper_blade,WM3,South
667,08-01-2025,30,24.10824338,35.65113399,wiper_blade,WM3,South
668,09-01-2025,30,23.48912286,36.63118453,wiper_blade,WM3,South
669,10-01-2025,30,23.5543323,36.07791363,wiper_blade,WM3,South
670,11-01-2025,30,23.71121937,35.80903331,wiper_blade,WM3,South
671,12-01-2025,30,23.17651062,36.12122681,wiper_blade,WM3,South
672,13-01-2025,29,22.9262051,35.53484577,wiper_blade,WM3,South
673,14-01-2025,29,23.29038403,35.84873178,wiper_blade,WM3,South
674,15-01-2025,30,22.97490204,36.35002179,wiper_blade,WM3,South
675,16-01-2025,30,22.90026165,35.69874501,wiper_blade,WM3,South
676,17-01-2025,29,22.39161947,36.22593058,wiper_blade,WM3,South
677,18-01-2025,30,23.4410468,36.06318068,wiper_blade,WM3,South
678,19-01-2025,29,23.18742247,36.1049213,wiper_blade,WM3,South
679,20-01-2025,29,22.36697578,35.88545869,wiper_blade,WM3,South
680,21-01-2025,29,21.92615306,35.17216709,wiper_blade,WM3,South
681,22-01-2025,29,22.88973188,35.3680155,wiper_blade,WM3,South
682,23-01-2025,29,22.50620567,35.21055982,wiper_blade,WM3,South
683,24-01-2025,29,22.78423659,35.23671373,wiper_blade,WM3,South
684,25-01-2025,29,22.86722593,35.94492483,wiper_blade,WM3,South
685,26-01-2025,29,21.72926157,35.12398309,wiper_blade,WM3,South
686,27-01-2025,28,21.59436347,34.57643607,wiper_blade,WM3,South
687,28-01-2025,28,21.97893454,34.3679285,wiper_blade,WM3,South
688,29-01-2025,28,22.46057553,34.52797768,wiper_blade,WM3,South
689,30-01-2025,28,21.61865346,34.67181064,wiper_blade,WM3,South
690,01-01-2025,30,23.2305981,36.16852199,wiper_blade,WM4,West
691,02-01-2025,30,23.25719924,36.51329936,wiper_blade,WM4,West
692,03-01-2025,30,23.57327245,36.32214215,wiper_blade,WM4,West
693,04-01-2025,30,23.3966936,36.75650664,wiper_blade,WM4,West
694,05-01-2025,30,23.49748666,36.61001906,wiper_blade,WM4,West
695,06-01-2025,30,23.41971048,35.8843225,wiper_blade,WM4,West
696,07-01-2025,29,23.11079379,36.00014993,wiper_blade,WM4,West
697,08-01-2025,29,23.03217916,36.40955627,wiper_blade,WM4,West
698,09-01-2025,30,22.74317767,36.18829386,wiper_blade,WM4,West
699,10-01-2025,30,23.27783279,36.00011575,wiper_blade,WM4,West
700,11-01-2025,30,23.15451422,35.89462715,wiper_blade,WM4,West
701,12-01-2025,30,22.61967788,35.81222029,wiper_blade,WM4,West
702,13-01-2025,29,22.42359725,36.04989654,wiper_blade,WM4,West
703,14-01-2025,29,22.66089721,35.65525548,wiper_blade,WM4,West
704,15-01-2025,29,21.44370656,35.34244656,wiper_blade,WM4,West
705,16-01-2025,29,22.51194224,35.39878808,wiper_blade,WM4,West
706,17-01-2025,29,23.11996176,36.16681323,wiper_blade,WM4,West
707,18-01-2025,29,22.01754005,35.21057729,wiper_blade,WM4,West
708,19-01-2025,29,22.64578274,35.55273986,wiper_blade,WM4,West
709,20-01-2025,29,22.45068215,35.21032228,wiper_blade,WM4,West
710,21-01-2025,28,21.88781837,34.93114251,wiper_blade,WM4,West
711,22-01-2025,28,21.4817334,34.54750436,wiper_blade,WM4,West
712,23-01-2025,28,21.64681709,35.26509639,wiper_blade,WM4,West
713,24-01-2025,29,22.15570647,35.22582952,wiper_blade,WM4,West
714,25-01-2025,28,22.4954336,34.86842505,wiper_blade,WM4,West
715,26-01-2025,28,22.09379501,34.82196654,wiper_blade,WM4,West
716,27-01-2025,28,21.13499065,34.66588589,wiper_blade,WM4,West
717,28-01-2025,28,21.33805868,34.52932281,wiper_blade,WM4,West
718,29-01-2025,27,21.00007023,33.52407154,wiper_blade,WM4,West
719,30-01-2025,28,21.77385852,34.76428652,wiper_blade,WM4,West
